Date	Value
9/18/17	53.78
9/15/17	53.64
9/14/17	53.63
9/13/17	52.92
9/12/17	52.08
9/11/17	51.82
9/8/17	52.53
9/7/17	52.48
9/6/17	52.04
9/5/17	50.99
9/4/17	50.36
9/1/17	49.68
8/31/17	49.36
8/30/17	49.41
8/29/17	49.51
8/28/17	49.86
8/25/17	49.93
8/24/17	49.76
8/23/17	49.49
8/22/17	49.5
8/21/17	49.8
8/18/17	48.86
8/17/17	48.07
8/16/17	48.69
8/15/17	48.45
8/14/17	49.46
8/11/17	49.37
8/10/17	50.7
8/9/17	50.48
8/8/17	50.5
8/7/17	50.06
8/4/17	49.96
8/3/17	50.26
8/2/17	49.75
8/1/17	49.61
7/31/17	49.97
7/28/17	49.46
7/27/17	48.88
7/26/17	48.51
7/25/17	47.11
7/24/17	46.01
7/21/17	46.99
7/20/17	47.48
7/19/17	46.85
7/18/17	46.45
7/17/17	46.8
7/14/17	46.4
7/13/17	45.66
7/12/17	46.02
7/11/17	44.79
7/10/17	44.77
7/7/17	45.11
7/6/17	46.52
7/5/17	47.04
7/4/17	47.57
7/3/17	47.17
6/30/17	45.63
6/29/17	45.36
6/28/17	44.48
6/27/17	44.23
6/26/17	43.14
6/23/17	43.02
6/22/17	42.58
6/21/17	43.14
6/20/17	43.9
6/19/17	44.46
6/16/17	44.58
6/15/17	44.38
6/14/17	45.16
6/13/17	46.01
6/12/17	45.94
6/9/17	45.49
6/8/17	45.78
6/7/17	46.78
6/6/17	46.98
6/5/17	47.37
6/2/17	47.33
6/1/17	48.85
5/31/17	48.69
5/30/17	49.39
5/29/17	49.67
5/26/17	49.48
5/25/17	51.24
5/24/17	51.96
5/23/17	51.34
5/22/17	51.54
5/19/17	50.91
5/18/17	49.91
5/17/17	49.48
5/16/17	49.75
5/15/17	49.77
5/12/17	48.31
5/11/17	48.41
5/10/17	47.35
5/9/17	46.88
5/8/17	46.91
5/5/17	46.6
5/4/17	47.49
5/3/17	48.38
5/2/17	49.02
5/1/17	49.19
4/28/17	49.33
4/27/17	48.9
4/26/17	49.65
4/25/17	49.22
4/24/17	49.66
4/21/17	50.01
4/20/17	50.49
4/19/17	51.9
4/18/17	52.3
4/17/17	52.96
4/13/17	53.38
4/12/17	53.69
4/11/17	53.37
4/10/17	53.14
4/7/17	52.92
4/6/17	51.84
4/5/17	51.96
4/4/17	50.6
4/3/17	50.69
3/31/17	50.43
3/30/17	50.2
3/29/17	49.54
3/28/17	48.84
3/27/17	48.25
3/24/17	48.26
3/23/17	48.35
3/22/17	48.28
3/21/17	49.23
3/20/17	49.18
3/17/17	49.36
3/16/17	49.7
3/15/17	49.17
3/14/17	48.63
3/13/17	49
3/10/17	49.81
3/9/17	50.82
3/8/17	52.69
3/7/17	53.54
3/6/17	53.13
3/3/17	53.01
3/2/17	53.74
3/1/17	54.15
2/28/17	53.4
2/27/17	53.85
2/24/17	53.61
2/23/17	53.95
2/22/17	53.48
2/21/17	53.88
2/20/17	53.49
2/17/17	53.11
2/16/17	53.14
2/15/17	53.1
2/14/17	53.31
2/13/17	53.47
2/10/17	53.23
2/9/17	52.76
2/8/17	52.13
2/7/17	52.78
2/6/17	53.77
2/3/17	54.24
2/2/17	53.93
2/1/17	52.76
1/31/17	52.19
1/30/17	52.78
1/27/17	52.88
1/26/17	52.91
1/25/17	52.14
1/24/17	52.51
1/23/17	52.1
1/20/17	51.8
1/19/17	51.45
1/18/17	52.22
1/17/17	52.6
1/16/17	52.17
1/13/17	52.64
1/12/17	52.3
1/11/17	50.98
1/10/17	51.46
1/9/17	52.85
1/6/17	53.5
1/5/17	53.02
1/4/17	52.71
1/3/17	53.13
12/30/16	53.3
12/29/16	53.46
12/28/16	53.39
12/27/16	52.25
12/23/16	51.74
12/22/16	51.73
12/21/16	52.25
12/20/16	51.99
12/19/16	52.18
12/16/16	51.29
12/15/16	50.96
12/14/16	51.83
12/13/16	52.39
12/12/16	53.24
12/9/16	50.95
12/8/16	50.04
12/7/16	50.22
12/6/16	50.98
12/5/16	51.25
12/2/16	50.42
12/1/16	49.28
11/30/16	44.8
11/29/16	43.87
11/28/16	43.84
11/25/16	44.88
11/24/16	45.22
11/23/16	45.37
11/22/16	45.25
11/21/16	44.34
11/18/16	42.33
11/17/16	42.83
11/16/16	42.9
11/15/16	41.84
11/14/16	40.94
11/11/16	41.54
11/10/16	42.67
11/9/16	41.9
11/8/16	42.22
11/7/16	41.98
11/4/16	41.85
11/3/16	42.62
11/2/16	43.1
11/1/16	44.51
10/31/16	45.83
10/28/16	47.04
10/27/16	47.23
10/26/16	46.96
10/25/16	47.83
10/24/16	48.15
10/21/16	48.08
10/20/16	48.51
10/19/16	49.06
10/18/16	48.24
10/17/16	48.22
10/14/16	48.63
10/13/16	48.07
10/12/16	48.68
10/11/16	48.81
10/10/16	48.31
10/7/16	48.59
10/6/16	47.86
10/5/16	47.75
10/4/16	46.72
10/3/16	46.65
9/30/16	44.63
9/29/16	44.34
9/28/16	42.21
9/27/16	42.3
9/26/16	42.16
9/23/16	42.89
9/22/16	43.27
9/21/16	42.54
9/20/16	41.55
9/19/16	42.09
9/16/16	41.74
9/15/16	41.67
9/14/16	42.56
9/13/16	42.91
9/12/16	44.53
9/9/16	44.55
9/8/16	44.61
9/7/16	43.18
9/6/16	42.75
9/5/16	43.54
9/2/16	41.47
9/1/16	42
8/31/16	43.91
8/30/16	45.25
8/29/16	45.44
8/26/16	45.75
8/25/16	45.28
8/24/16	45.25
8/23/16	45.34
8/22/16	46.04
8/19/16	46.82
8/18/16	46.5
8/17/16	45.34
8/16/16	45.03
8/15/16	43.92
8/12/16	42.6
8/11/16	40.62
8/10/16	40.57
8/9/16	41.08
8/8/16	41.1
8/5/16	40.08
8/4/16	39.6
8/3/16	38.43
8/2/16	38.29
8/1/16	39.1
7/29/16	38.97
7/28/16	39.79
7/27/16	40.49
7/26/16	40.62
7/25/16	41.35
7/22/16	41.71
7/21/16	42.93
7/20/16	42.73
7/19/16	42.66
7/18/16	43.36
7/15/16	43.24
7/14/16	42.88
7/13/16	43.19
7/12/16	43.22
7/11/16	42.21
7/8/16	42.59
7/7/16	44.19
7/6/16	44.35
7/5/16	44.34
7/4/16	46.08
7/1/16	45.42
6/30/16	46.27
6/29/16	45.82
6/28/16	44.46
6/27/16	44.32
6/24/16	44.88
6/23/16	46.16
6/22/16	46.46
6/21/16	46.02
6/20/16	46.24
6/17/16	44.18
6/16/16	44.03
6/15/16	45.36
6/14/16	45.64
6/13/16	46.25
6/10/16	47.05
6/9/16	48.02
6/8/16	47.76
6/7/16	46.63
6/6/16	46.1
6/3/16	45.82
6/2/16	45.67
6/1/16	45.28
5/31/16	45.15
5/30/16	44.8
5/27/16	44.76
5/26/16	45.43
5/25/16	44.97
5/24/16	44.02
5/23/16	44.07
5/20/16	44.77
5/19/16	43.84
5/18/16	44.88
5/17/16	44.82
5/16/16	44.37
5/13/16	43.3
5/12/16	43.33
5/11/16	41.43
5/10/16	40.23
5/9/16	40.77
5/6/16	40.57
5/5/16	41.16
5/4/16	40.45
5/3/16	41.03
5/2/16	42.48
4/29/16	42.7
4/28/16	42.02
4/27/16	41.38
4/26/16	39.88
4/25/16	39.4
4/22/16	39.78
4/21/16	40.09
4/20/16	38.46
4/19/16	38.27
4/18/16	36.58
4/15/16	38.05
4/14/16	38.58
4/13/16	38.91
4/12/16	38.62
4/11/16	37.02
4/8/16	36.01
4/7/16	34.71
4/6/16	33.93
4/5/16	32.71
4/4/16	33.4
4/1/16	34.54
3/31/16	34.33
3/30/16	34.91
3/29/16	34.5
3/28/16	35.48
3/25/16	34.96
3/24/16	34.96
3/23/16	36.19
3/22/16	36.67
3/21/16	36.27
3/18/16	36.59
3/17/16	36.36
3/16/16	34.5
3/15/16	33.69
3/14/16	34.74
3/11/16	35.62
3/10/16	35.23
3/9/16	35.05
3/8/16	35.07
3/7/16	34.43
3/4/16	32.42
3/3/16	31.68
3/2/16	31.72
3/1/16	31.65
2/29/16	30.13
2/26/16	30.74
2/25/16	29.19
2/24/16	28.3
2/23/16	28.94
2/22/16	29.48
2/19/16	29.17
2/18/16	29.96
2/17/16	28.18
2/16/16	29.35
2/15/16	28.44
2/12/16	26.74
2/11/16	25.21
2/10/16	25.93
2/9/16	28.33
2/8/16	29
2/5/16	29.3
2/4/16	29.93
2/3/16	28.65
2/2/16	28.4
2/1/16	29.73
1/29/16	29.11
1/28/16	28.28
1/27/16	26.4
1/26/16	25.11
1/25/16	25.58
1/22/16	25.5
1/21/16	22.89
1/20/16	22.48
1/19/16	23.85
1/18/16	23.58
1/15/16	24.74
1/14/16	25
1/13/16	25.69
1/12/16	25.76
1/11/16	27.07
1/8/16	28.47
1/7/16	27.85
1/6/16	29.71
1/5/16	31.21
1/4/16	31.79
12/31/15	31.27
12/30/15	31.42
12/29/15	31.55
12/28/15	31.71
12/24/15	32.17
12/23/15	31.25
12/22/15	31.15
12/21/15	30.74
12/18/15	31.63
12/17/15	31.49
12/16/15	32.28
12/15/15	32.56
12/14/15	32.55
12/11/15	33.71
12/10/15	34.64
12/9/15	34.74
12/8/15	35.25
12/7/15	36.4
12/4/15	38.03
12/3/15	37.84
12/2/15	38.4
12/1/15	39.25
11/30/15	38.93
11/27/15	39.08
11/26/15	39.65
11/25/15	39.81
11/24/15	39.59
11/23/15	38.35
11/20/15	38.37
11/19/15	38.52
11/18/15	38.04
11/17/15	38.29
11/16/15	38.18
11/13/15	39.21
11/12/15	40.21
11/11/15	41.53
11/10/15	42.26
11/9/15	42.13
11/6/15	42.72
11/5/15	43.28
11/4/15	44.43
11/3/15	43.89
11/2/15	43.95
10/30/15	43.66
10/29/15	44.34
10/28/15	43.2
10/27/15	42.4
10/26/15	43.13
10/23/15	43.45
10/22/15	43.44
10/21/15	43.67
10/20/15	43.87
10/19/15	44.92
10/16/15	45.71
10/15/15	45.05
10/14/15	45.21
10/13/15	46
10/12/15	47.97
10/9/15	48.79
10/8/15	48.1
10/7/15	48.24
10/6/15	46.08
10/5/15	44.95
10/2/15	43.82
10/1/15	44.48
9/30/15	43.58
9/29/15	43.51
9/28/15	43.54
9/25/15	43.76
9/24/15	44.48
9/23/15	44.69
9/22/15	43.84
9/21/15	43.81
9/18/15	44.34
9/17/15	45.1
9/16/15	44.57
9/15/15	43.13
9/14/15	43.85
9/11/15	44.64
9/10/15	44.83
9/9/15	45.96
9/8/15	45.38
9/7/15	45.59
9/4/15	46.83
9/3/15	47.4
9/2/15	45.56
9/1/15	47.8
8/31/15	47.01
8/28/15	45.19
8/27/15	42.37
8/26/15	40.51
8/25/15	40.47
8/24/15	40.67
8/21/15	43
8/20/15	44.13
8/19/15	45.39
8/18/15	45.77
8/17/15	45.96
8/14/15	46.62
8/13/15	47.29
8/12/15	47.09
8/11/15	47.66
8/10/15	47.32
8/7/15	46.95
8/6/15	47.09
8/5/15	47.89
8/4/15	47.9
8/3/15	48.4
7/31/15	50.51
7/30/15	51.46
7/29/15	50.83
7/28/15	50.55
7/27/15	51.3
7/24/15	52.08
7/23/15	53.04
7/22/15	53.45
7/21/15	53.57
7/20/15	53.79
7/17/15	53.99
7/16/15	54.23
7/15/15	54.94
7/14/15	54.55
7/13/15	55.23
7/10/15	55.99
7/9/15	55.54
7/8/15	53.78
7/7/15	54.25
7/6/15	55.79
7/3/15	58.35
7/2/15	59.31
7/1/15	59.81
6/30/15	58.79
6/29/15	58.24
6/26/15	59.14
6/25/15	59.58
6/24/15	60.68
6/23/15	59.96
6/22/15	59.36
6/19/15	59.98
6/18/15	60.56
6/17/15	60.27
6/16/15	60.08
6/15/15	60.17
6/12/15	61.17
6/11/15	62.14
6/10/15	62.41
6/9/15	60.27
6/8/15	59.42
6/5/15	58.61
6/4/15	59.61
6/3/15	61.49
6/2/15	62.26
6/1/15	60.46
5/29/15	60.47
5/28/15	59.33
5/27/15	60.43
5/26/15	60.73
5/25/15	61.18
5/22/15	62.03
5/21/15	61.86
5/20/15	60.91
5/19/15	61.11
5/18/15	62.98
5/15/15	62.74
5/14/15	63.13
5/13/15	63.77
5/12/15	62.49
5/11/15	62.03
5/8/15	62.44
5/7/15	63.98
5/6/15	64.96
5/5/15	63.62
5/4/15	62.85
5/1/15	62.23
4/30/15	62.21
4/29/15	60.92
4/28/15	60.41
4/27/15	61.06
4/24/15	60.95
4/23/15	59.14
4/22/15	58.09
4/21/15	58.84
4/20/15	59.5
4/17/15	59.52
4/16/15	58.88
4/15/15	57.01
4/14/15	55.91
4/13/15	55.86
4/10/15	54.04
4/9/15	53.52
4/8/15	54.28
4/7/15	54.61
4/6/15	53.2
4/3/15	53.1
4/2/15	52.93
4/1/15	52.48
3/31/15	51.06
3/30/15	51.45
3/27/15	52.93
3/26/15	54.55
3/25/15	50.83
3/24/15	50.92
3/23/15	50.3
3/20/15	49.93
3/19/15	50.17
3/18/15	49.17
3/17/15	48.76
3/16/15	49.46
3/13/15	51.66
3/12/15	53.16
3/11/15	52.25
3/10/15	53.03
3/9/15	54.53
3/6/15	55.63
3/5/15	55.77
3/4/15	55.82
3/3/15	55.94
3/2/15	56.74
2/27/15	56.83
2/26/15	56.07
2/25/15	53.81
2/24/15	53.54
2/23/15	54.09
2/20/15	56.55
2/19/15	56.29
2/18/15	56.83
2/17/15	56.69
2/16/15	56.43
2/13/15	55.97
2/12/15	52.86
2/11/15	52.21
2/10/15	53.14
2/9/15	53.58
2/6/15	53.36
2/5/15	50.81
2/4/15	52.22
2/3/15	51.77
2/2/15	48.19
1/30/15	44.83
1/29/15	43.88
1/28/15	44.08
1/27/15	43.24
1/26/15	42.9
1/23/15	43.69
1/22/15	43.05
1/21/15	43.25
1/20/15	43.04
1/19/15	43.87
1/16/15	43.4
1/15/15	43.14
1/14/15	41.65
1/13/15	41.5
1/12/15	43.55
1/9/15	45.19
1/8/15	45.68
1/7/15	44.79
1/6/15	46.57
1/5/15	48.87
1/2/15	51.78
12/31/14	52
12/30/14	52.39
12/29/14	54.44
12/26/14	56.14
12/24/14	56.03
12/23/14	55.59
12/22/14	56.9
12/19/14	55.52
12/18/14	56.3
12/17/14	55.64
12/16/14	55.91
12/15/14	57.92
12/12/14	58.65
12/11/14	60.5
12/10/14	61.35
12/9/14	62.33
12/8/14	63.78
12/5/14	65.32
12/4/14	66.27
12/3/14	67.31
12/2/14	68.13
12/1/14	66.44
11/28/14	68.89
11/27/14	70.8
11/26/14	73.7
11/25/14	74.28
11/24/14	75.7
11/21/14	75.42
11/20/14	74.03
11/19/14	74.05
11/18/14	74.36
11/17/14	73.9
11/14/14	73.47
11/13/14	75.15
11/12/14	76.96
11/11/14	77.27
11/10/14	78.98
11/7/14	78.67
11/6/14	78.27
11/5/14	78.11
11/4/14	78.67
11/3/14	80.64
10/31/14	81.97
10/30/14	82.79
10/29/14	83.24
10/28/14	82.44
10/27/14	82.37
10/24/14	82.48
10/23/14	81.67
10/22/14	81.94
10/21/14	82.09
10/20/14	82.37
10/17/14	83.19
10/16/14	81.17
10/15/14	81.89
10/14/14	85.14
10/13/14	85.93
10/10/14	86.43
10/9/14	88.27
10/8/14	88.32
10/7/14	89.37
10/6/14	90.4
10/3/14	90.33
10/2/14	90.4
10/1/14	92.19
9/30/14	94.17
9/29/14	94.54
9/26/14	94.13
9/25/14	94.25
9/24/14	94.18
9/23/14	94.31
9/22/14	94.37
9/19/14	94.44
9/18/14	95.19
9/17/14	95.84
9/16/14	95.3
9/15/14	94.68
9/12/14	95.68
9/11/14	95.35
9/10/14	95.93
9/9/14	96.99
9/8/14	97
9/5/14	98.38
9/4/14	99.15
9/3/14	98.66
9/2/14	98.95
9/1/14	100.1
8/29/14	99.99
8/28/14	99.97
8/27/14	100.06
8/26/14	99.82
8/25/14	99.09
8/22/14	99.19
8/21/14	99.03
8/20/14	99.52
8/19/14	98.93
8/18/14	99.42
8/15/14	99.94
8/14/14	100.99
8/13/14	100.88
8/12/14	101.66
8/11/14	102.29
8/8/14	103.1
8/7/14	102.22
8/6/14	102.05
8/5/14	102.23
8/4/14	102.58
8/1/14	102.89
7/31/14	103.6
7/30/14	105.21
7/29/14	105.44
7/28/14	105.11
7/25/14	105.31
7/24/14	105.22
7/23/14	105.3
7/22/14	105.74
7/21/14	105.07
7/18/14	105.54
7/17/14	105.04
7/16/14	104.44
7/15/14	103.65
7/14/14	104.12
7/11/14	104.87
7/10/14	105.16
7/9/14	105.49
7/8/14	106.25
7/7/14	106.89
7/4/14	107.34
7/3/14	107.17
7/2/14	108.35
7/1/14	108.68
6/30/14	108.59
6/27/14	109.17
6/26/14	109.38
6/25/14	109.63
6/24/14	109.62
6/23/14	110.3
6/20/14	110.48
6/19/14	110.26
6/18/14	109.6
6/17/14	108.81
6/16/14	109.09
6/13/14	109.31
6/12/14	107.46
6/11/14	106.02
6/10/14	105.89
6/9/14	105.72
6/6/14	105.38
6/5/14	104.73
6/4/14	105.56
6/3/14	105.14
6/2/14	105.6
5/30/14	105.91
5/29/14	106.45
5/28/14	106.35
5/27/14	106.79
5/26/14	106.73
5/23/14	106.92
5/22/14	107
5/21/14	106.82
5/20/14	106.18
5/19/14	106.43
5/16/14	105.95
5/15/14	105.66
5/14/14	105.62
5/13/14	104.5
5/12/14	104.21
5/9/14	104.46
5/8/14	103.94
5/7/14	103.68
5/6/14	103.69
5/5/14	104.35
5/2/14	104.25
5/1/14	103.77
4/30/14	103.95
4/29/14	104.95
4/28/14	105.43
4/25/14	105.37
4/24/14	105.2
4/23/14	104.99
4/22/14	105.19
4/21/14	105.34
4/17/14	105.53
4/16/14	106.06
4/15/14	105.21
4/14/14	104.81
4/11/14	104.07
4/10/14	104.33
4/9/14	104.22
4/8/14	103.16
4/7/14	102.16
4/4/14	103.12
4/3/14	101.57
4/2/14	101.72
4/1/14	103.25
3/31/14	104.08
3/28/14	104.27
3/27/14	103.79
3/26/14	103.62
3/25/14	103.39
3/24/14	103.13
3/21/14	103.3
3/20/14	102.37
3/19/14	103.16
3/18/14	103.29
3/17/14	103.85
3/14/14	103.83
3/13/14	103.71
3/12/14	103.75
3/11/14	104.38
3/10/14	104.48
3/7/14	104.98
3/6/14	104.37
3/5/14	105.24
3/4/14	106.3
3/3/14	107.8
2/28/14	105.92
2/27/14	106.1
2/26/14	106.49
2/25/14	106.55
2/24/14	106.7
2/21/14	106.68
2/20/14	106.79
2/19/14	107.15
2/18/14	106.53
2/17/14	106.11
2/14/14	105.58
2/13/14	105.27
2/12/14	105.46
2/11/14	105.3
2/10/14	105.52
2/7/14	104.41
2/6/14	103.34
2/5/14	102.63
2/4/14	102.55
2/3/14	102.55
1/31/14	104.45
1/30/14	105.09
1/29/14	104.57
1/28/14	104.67
1/27/14	104.62
1/24/14	105.04
1/23/14	106.11
1/22/14	105.62
1/21/14	105.26
1/20/14	104.17
1/17/14	103.98
1/16/14	104.39
1/15/14	104.28
1/14/14	103.92
1/13/14	103.93
1/10/14	104.09
1/9/14	104.28
1/8/14	104.43
1/7/14	104.51
1/6/14	104.33
1/3/14	104.99
1/2/14	106.85
12/31/13	107.94
12/30/13	108.57
12/27/13	109.35
12/24/13	108.76
12/23/13	108.73
12/20/13	108.15
12/19/13	107.49
12/18/13	106.74
12/17/13	106.57
12/16/13	106.92
12/13/13	105.95
12/12/13	106.96
12/11/13	106.81
12/10/13	106.83
12/9/13	107.72
12/6/13	108
12/5/13	108.22
12/4/13	108.92
12/3/13	108.08
12/2/13	106.74
11/29/13	107.07
11/28/13	107.34
11/27/13	107.14
11/26/13	107.36
11/25/13	106.07
11/22/13	106.73
11/21/13	105.4
11/20/13	104.58
11/19/13	105.02
11/18/13	105.04
11/15/13	105.24
11/14/13	104.67
11/13/13	103.52
11/12/13	103.6
11/11/13	103.39
11/8/13	102.12
11/7/13	102.64
11/6/13	103.82
11/5/13	103.83
11/4/13	104.22
11/1/13	105.53
10/31/13	106.75
10/30/13	106.31
10/29/13	106.36
10/28/13	105.75
10/25/13	104.97
10/24/13	105.57
10/23/13	106.34
10/22/13	106.77
10/21/13	106.76
10/18/13	106.54
10/17/13	107.02
10/16/13	107.19
10/15/13	107.64
10/14/13	108
10/11/13	108.15
10/10/13	107.69
10/9/13	106.94
10/8/13	107.36
10/7/13	106.45
10/4/13	106.94
10/3/13	106.79
10/2/13	106.08
10/1/13	105.42
9/30/13	105.61
9/27/13	106.47
9/26/13	106.34
9/25/13	106.53
9/24/13	105.8
9/23/13	106.52
9/20/13	107.34
9/19/13	108.4
9/18/13	107.26
9/17/13	107.64
9/16/13	109.04
9/13/13	109.87
9/12/13	109.83
9/11/13	109.4
9/10/13	109.26
9/9/13	111.39
9/6/13	112.1
9/5/13	111.47
9/4/13	111.55
9/3/13	111.2
9/2/13	110.32
8/30/13	111.55
8/29/13	112.8
8/28/13	112.25
8/27/13	109.28
8/26/13	108.36
8/23/13	108.25
8/22/13	107.58
8/21/13	106.95
8/20/13	107.06
8/19/13	107.83
8/16/13	107.8
8/15/13	107.96
8/14/13	106.69
8/13/13	106.75
8/12/13	105.27
8/9/13	104.94
8/8/13	104.47
8/7/13	104.89
8/6/13	105.56
8/5/13	106.43
8/2/13	106.65
8/1/13	106.1
7/31/13	104.97
7/30/13	104.92
7/29/13	105.21
7/26/13	105.1
7/25/13	105.28
7/24/13	105.44
7/23/13	105.95
7/22/13	106.14
7/19/13	106.4
7/18/13	106.11
7/17/13	105.28
7/16/13	105.39
7/15/13	105.31
7/12/13	104.82
7/11/13	104.81
7/10/13	104.69
7/9/13	104.06
7/8/13	103.96
7/5/13	103.2
7/4/13	102.39
7/3/13	102.24
7/2/13	100.63
7/1/13	100.1
6/28/13	100.78
6/27/13	100.37
6/26/13	99.39
6/25/13	99.79
6/24/13	98.33
6/21/13	99.82
6/20/13	101.4
6/19/13	103.78
6/18/13	103.1
6/17/13	103.85
6/14/13	103.33
6/13/13	101.26
6/12/13	100.89
6/11/13	100.72
6/10/13	101.38
6/7/13	101.64
6/6/13	100.93
6/5/13	101.09
6/4/13	99.87
6/3/13	98.88
5/31/13	98.78
5/30/13	99.77
5/29/13	100.54
5/28/13	101.11
5/27/13	99.56
5/24/13	99.15
5/23/13	99.03
5/22/13	100.36
5/21/13	101.39
5/20/13	101.95
5/17/13	101.45
5/16/13	100.85
5/15/13	99.66
5/14/13	100.29
5/13/13	100.47
5/10/13	101.07
5/9/13	101.67
5/8/13	102.11
5/7/13	102.75
5/6/13	102.61
5/3/13	101.47
5/2/13	98.97
5/1/13	99.97
4/30/13	100.65
4/29/13	100.91
4/26/13	100.7
4/25/13	99.89
4/24/13	98.96
4/23/13	97.52
4/22/13	97.75
4/19/13	97.4
4/18/13	96.35
4/17/13	96.71
4/16/13	97.15
4/15/13	98.56
4/12/13	100.63
4/11/13	102.44
4/10/13	103.26
4/9/13	102.72
4/8/13	102.35
4/5/13	103.1
4/4/13	104.21
4/3/13	106.8
4/2/13	108.16
4/1/13	106.97
3/28/13	107.23
3/27/13	106.79
3/26/13	105.86
3/25/13	105.48
3/22/13	105.13
3/21/13	105.69
3/20/13	105.85
3/19/13	106.52
3/18/13	106.36
3/15/13	106.62
3/14/13	105.88
3/13/13	106.05
3/12/13	106.51
3/11/13	106.96
3/8/13	107.06
3/7/13	107.31
3/6/13	107.64
3/5/13	106.99
3/4/13	106.12
3/1/13	106.79
2/28/13	108.62
2/27/13	109.69
2/26/13	110.1
2/25/13	111.2
2/22/13	110.94
2/21/13	111.27
2/20/13	113.28
2/19/13	113.62
2/18/13	114.18
2/15/13	114.23
2/14/13	114.67
2/13/13	114.94
2/12/13	114.3
2/11/13	114.36
2/8/13	114.44
2/7/13	113.67
2/6/13	113.1
2/5/13	112.68
2/4/13	112.99
2/1/13	112.62
1/31/13	112.3
1/30/13	111.43
1/29/13	110.52
1/28/13	110.15
1/25/13	110.2
1/24/13	109.88
1/23/13	109.71
1/22/13	109.48
1/21/13	109.32
1/18/13	108.92
1/17/13	108.01
1/16/13	107.75
1/15/13	108.35
1/14/13	108.06
1/11/13	108.2
1/10/13	109.3
1/9/13	109.01
1/8/13	108.72
1/7/13	108.15
1/4/13	108.68
1/3/13	109.15
1/2/13	108.96
12/31/12	107.76
12/28/12	107.87
12/27/12	108.03
12/26/12	106.92
12/24/12	105.91
12/21/12	106.63
12/20/12	107.2
12/19/12	107.1
12/18/12	106.38
12/17/12	106.07
12/14/12	105.77
12/13/12	106.01
12/12/12	105.83
12/11/12	104.8
12/10/12	105.01
12/7/12	104.75
12/6/12	105.64
12/5/12	107.2
12/4/12	107.66
12/3/12	108.44
11/30/12	108.59
11/29/12	107.46
11/28/12	106.99
11/27/12	108.07
11/26/12	108.48
11/23/12	108.08
11/22/12	107.94
11/21/12	107.88
11/20/12	108.33
11/19/12	108.76
11/16/12	107.04
11/15/12	107.23
11/14/12	106.21
11/13/12	105.97
11/12/12	106.59
11/9/12	105.21
11/8/12	104.58
11/7/12	106.87
11/6/12	105.79
11/5/12	103.42
11/2/12	105.06
11/1/12	106.26
10/31/12	106.16
10/30/12	106.12
10/29/12	105.97
10/26/12	106.37
10/25/12	105.83
10/24/12	105.68
10/23/12	105.94
10/22/12	107.13
10/19/12	108.99
10/18/12	109.77
10/17/12	110.24
10/16/12	111.09
10/15/12	110.7
10/12/12	111.06
10/11/12	111.35
10/10/12	110.94
10/9/12	109.46
10/8/12	107.94
10/5/12	108.77
10/4/12	106.99
10/3/12	107.08
10/2/12	109.32
10/1/12	109.29
9/28/12	109.68
9/27/12	108.21
9/26/12	106.84
9/25/12	107.99
9/24/12	107.47
9/21/12	108.15
9/20/12	105.88
9/19/12	108.43
9/18/12	110.95
9/17/12	113.72
9/14/12	114.87
9/13/12	113.47
9/12/12	113.36
9/11/12	112.68
9/10/12	112.32
9/7/12	111.55
9/6/12	111.75
9/5/12	111.2
9/4/12	112.85
9/3/12	112.11
8/31/12	111.17
8/30/12	110.66
8/29/12	109.9
8/28/12	110.22
8/27/12	112.04
8/24/12	112.12
8/23/12	113.56
8/22/12	112.2
8/21/12	112.28
8/20/12	111.49
8/17/12	111.56
8/16/12	112.11
8/15/12	110.65
8/14/12	110.1
8/13/12	109.67
8/10/12	109.1
8/9/12	108.39
8/8/12	108.36
8/7/12	107.58
8/6/12	105.67
8/3/12	104.46
8/2/12	103.07
8/1/12	102.54
7/31/12	102.22
7/30/12	102.94
7/27/12	102.92
7/26/12	101.47
7/25/12	100.21
7/24/12	100.51
7/23/12	100.07
7/20/12	103.7
7/19/12	103.71
7/18/12	101.73
7/17/12	101.29
7/16/12	99.93
7/13/12	99.1
7/12/12	97.32
7/11/12	96.74
7/10/12	96.33
7/9/12	96.83
7/6/12	96.84
7/5/12	98.34
7/4/12	97.3
7/3/12	96.44
7/2/12	94.07
6/29/12	92.99
6/28/12	90.92
6/27/12	90.91
6/26/12	90.13
6/25/12	88.92
6/22/12	88.74
6/21/12	89.48
6/20/12	93.08
6/19/12	93.73
6/18/12	95.03
6/15/12	96.02
6/14/12	95.22
6/13/12	95.56
6/12/12	94.99
6/11/12	97.34
6/8/12	95.87
6/7/12	97.7
6/6/12	97.89
6/5/12	96.19
6/4/12	95.48
6/1/12	97.44
5/31/12	101.06
5/30/12	102.75
5/29/12	105.13
5/28/12	105.01
5/25/12	104.59
5/24/12	103.49
5/23/12	104.16
5/22/12	106.16
5/21/12	105.93
5/18/12	105.16
5/17/12	107.1
5/16/12	108.14
5/15/12	108.7
5/14/12	108.14
5/11/12	109.24
5/10/12	110.06
5/9/12	109.85
5/8/12	109.58
5/7/12	110.12
5/4/12	112.23
5/3/12	115.31
5/2/12	116.68
5/1/12	117.08
4/30/12	117.2
4/27/12	117.25
4/26/12	117.14
4/25/12	116.05
4/24/12	115.8
4/23/12	115.5
4/20/12	116.46
4/19/12	116.24
4/18/12	115.73
4/17/12	116.27
4/16/12	116.98
4/13/12	119.1
4/12/12	118.72
4/11/12	117.8
4/10/12	119.38
4/9/12	120.4
4/5/12	121.15
4/4/12	121.94
4/3/12	122.95
4/2/12	121.62
3/30/12	120.89
3/29/12	121.61
3/28/12	122.29
3/27/12	123.54
3/26/12	123.53
3/23/12	122.81
3/22/12	121.83
3/21/12	122.95
3/20/12	123.09
3/19/12	124.12
3/16/12	122.96
3/15/12	123.08
3/14/12	124.34
3/13/12	124.64
3/12/12	123.92
3/9/12	124.19
3/8/12	124.17
3/7/12	121.81
3/6/12	122.02
3/5/12	122.39
3/2/12	123.12
3/1/12	122.12
2/29/12	120.79
2/28/12	122.14
2/27/12	123.24
2/24/12	122.86
2/23/12	121.69
2/22/12	120.87
2/21/12	119.19
2/20/12	119.19
2/17/12	118.59
2/16/12	118.13
2/15/12	117.94
2/14/12	116.63
2/13/12	117.19
2/10/12	116.41
2/9/12	116.26
2/8/12	115.18
2/7/12	114.68
2/6/12	113.39
2/3/12	111.26
2/2/12	110.82
2/1/12	110.61
1/31/12	111.21
1/30/12	111.11
1/27/12	111.31
1/26/12	111.26
1/25/12	110.7
1/24/12	111.49
1/23/12	111.78
1/20/12	111.37
1/19/12	111.59
1/18/12	111.78
1/17/12	112.24
1/16/12	111.71
1/13/12	111.75
1/12/12	112.93
1/11/12	112.9
1/10/12	112.98
1/9/12	112.51
1/6/12	112.23
1/5/12	113
1/4/12	111.73
1/3/12	109.4
12/30/11	106.84
12/29/11	106.75
12/28/11	107.52
12/27/11	107.77
12/23/11	107.65
12/22/11	107.49
12/21/11	106.98
12/20/11	105.05
12/19/11	102.91
12/16/11	103.57
12/15/11	104.6
12/14/11	106.88
12/13/11	107.65
12/12/11	107.33
12/9/11	107.45
12/8/11	108.98
12/7/11	110.05
12/6/11	109.49
12/5/11	110.3
12/2/11	109.61
12/1/11	109.36
11/30/11	110.38
11/29/11	109.74
11/28/11	108.75
11/25/11	107.73
11/24/11	108.1
11/23/11	108.32
11/22/11	108.34
11/21/11	107.74
11/18/11	109.12
11/17/11	110.82
11/16/11	112.26
11/15/11	112.19
11/14/11	112.69
11/11/11	113.01
11/10/11	111.67
11/9/11	113.13
11/8/11	113.79
11/7/11	111.08
11/4/11	109.96
11/3/11	107.95
11/2/11	108.65
11/1/11	106.35
10/31/11	107.12
10/28/11	109.15
10/27/11	109.09
10/26/11	108.83
10/25/11	109.47
10/24/11	109.11
10/21/11	108.31
10/20/11	107.19
10/19/11	108.65
10/18/11	107.94
10/17/11	110.13
10/14/11	109.01
10/13/11	107.05
10/12/11	107.68
10/11/11	105.61
10/10/11	104.67
10/7/11	103.22
10/6/11	101.63
10/5/11	99.9
10/4/11	98.59
10/3/11	99.71
9/30/11	101.57
9/29/11	103.11
9/28/11	104.34
9/27/11	104.53
9/26/11	101.81
9/23/11	104.37
9/22/11	105.11
9/21/11	108.99
9/20/11	108.29
9/19/11	108.68
9/16/11	110.69
9/15/11	109.58
9/14/11	107.91
9/13/11	108.42
9/12/11	107.86
9/9/11	110.4
9/8/11	112.15
9/7/11	111.33
9/6/11	108.32
9/5/11	108.42
9/2/11	110.37
9/1/11	111.21
8/31/11	111.4
8/30/11	109.48
8/29/11	108.36
8/26/11	107.52
8/25/11	107.61
8/24/11	106.53
8/23/11	105.91
8/22/11	103.84
8/19/11	103.36
8/18/11	105.42
8/17/11	106.88
8/16/11	105.42
8/15/11	104.78
8/12/11	103.81
8/11/11	103.29
8/10/11	101.2
8/9/11	101.53
8/8/11	102.37
8/5/11	103.3
8/4/11	107.48
8/3/11	110.55
8/2/11	111.85
8/1/11	113.57
7/29/11	112.18
7/28/11	113.36
7/27/11	113.4
7/26/11	113.65
7/25/11	113.33
7/22/11	113.66
7/21/11	113.2
7/20/11	113.54
7/19/11	112.68
7/18/11	112.31
7/15/11	112.2
7/14/11	112.74
7/13/11	113.25
7/12/11	111.07
7/11/11	111.35
7/8/11	112.68
7/7/11	110.76
7/6/11	108.26
7/5/11	107.12
7/4/11	106.87
7/1/11	106.45
6/30/11	107.5
6/29/11	106.19
6/28/11	103.59
6/27/11	101.55
6/24/11	102.91
6/23/11	106.08
6/22/11	107.96
6/21/11	107.82
6/20/11	107.41
6/17/11	107.51
6/16/11	109.55
6/15/11	112.62
6/14/11	113.59
6/13/11	113.33
6/10/11	113.45
6/9/11	113.43
6/8/11	111.93
6/7/11	110.66
6/6/11	110.09
6/3/11	110.44
6/2/11	109.91
6/1/11	111.44
5/31/11	111.2
5/30/11	109.59
5/27/11	110.27
5/26/11	109.83
5/25/11	107.99
5/24/11	107.3
5/23/11	105.46
5/20/11	107.42
5/19/11	107.88
5/18/11	107.4
5/17/11	106.6
5/16/11	107.79
5/13/11	108.93
5/12/11	107.19
5/11/11	111.35
5/10/11	111.48
5/9/11	108.08
5/6/11	104.4
5/5/11	112.8
5/4/11	116.96
5/3/11	118.75
5/2/11	119.9
4/29/11	120.35
4/28/11	120.91
4/27/11	119.35
4/26/11	118.96
4/25/11	119.38
4/21/11	119.46
4/20/11	117.97
4/19/11	116
4/18/11	117.37
4/15/11	117.99
4/14/11	118.03
4/13/11	116.84
4/12/11	117.68
4/11/11	120.44
4/8/11	120.15
4/7/11	117.79
4/6/11	117.75
4/5/11	116.73
4/4/11	115.21
4/1/11	113.49
3/31/11	111.42
3/30/11	110.18
3/29/11	109.87
3/28/11	110.37
3/25/11	110.91
3/24/11	110.81
3/23/11	111.09
3/22/11	110.23
3/21/11	110.1
3/18/11	110.54
3/17/11	108.08
3/16/11	105.8
3/15/11	106.56
3/14/11	107.87
3/11/11	109.18
3/10/11	110.71
3/9/11	109.96
3/8/11	109.55
3/7/11	112.03
3/4/11	111.42
3/3/11	110.48
3/2/11	110.83
3/1/11	108.27
2/28/11	108.5
2/25/11	108.31
2/24/11	111.01
2/23/11	105.88
2/22/11	104.01
2/21/11	100.59
2/18/11	99.08
2/17/11	99.77
2/16/11	98.68
2/15/11	99
2/14/11	98.24
2/11/11	97.37
2/10/11	97.59
2/9/11	96.93
2/8/11	96.12
2/7/11	96.02
2/4/11	96.85
2/3/11	97.71
2/2/11	97.66
2/1/11	96.39
1/31/11	95.53
1/28/11	94.1
1/27/11	93.42
1/26/11	92.58
1/25/11	91.8
1/24/11	93.2
1/21/11	92.9
1/20/11	92.95
1/19/11	93.99
1/18/11	93.8
1/17/11	93.72
1/14/11	94.04
1/13/11	93.96
1/12/11	94.23
1/11/11	92.92
1/10/11	91.33
1/7/11	90.83
1/6/11	92.06
1/5/11	90.91
1/4/11	91.28
1/3/11	89.81
12/31/10	88.99
12/30/10	89.47
12/29/10	90.22
12/28/10	90.08
12/27/10	90.67
12/24/10	90.73
12/23/10	90.16
12/22/10	90.02
12/21/10	89.54
12/20/10	88.59
12/17/10	88.78
12/16/10	88.76
12/15/10	88.22
12/14/10	88.21
12/13/10	87.96
12/10/10	87.65
12/9/10	87.91
12/8/10	87.46
12/7/10	87.87
12/6/10	88.13
12/3/10	87.12
12/2/10	86.13
12/1/10	84.13
11/30/10	83.65
11/29/10	83.45
11/26/10	82.34
11/25/10	82.55
11/24/10	81.16
11/23/10	80.14
11/22/10	80.96
11/19/10	81.41
11/18/10	81.09
11/17/10	81.9
11/16/10	82.35
11/15/10	83.39
11/12/10	83.67
11/11/10	85.81
11/10/10	85.27
11/9/10	84.92
11/8/10	84.62
11/5/10	84.33
11/4/10	84.33
11/3/10	82.56
11/2/10	81.9
11/1/10	80.55
10/29/10	79.42
10/28/10	79.92
10/27/10	79.19
10/26/10	79.75
10/25/10	80.03
10/22/10	78.54
10/21/10	79.26
10/20/10	78.71
10/19/10	79.25
10/18/10	79
10/15/10	79.86
10/14/10	80.95
10/13/10	80.9
10/12/10	79.64
10/11/10	80.44
10/8/10	79.95
10/7/10	81.07
10/6/10	81.51
10/5/10	80.14
10/4/10	79.95
10/1/10	79.52
9/30/10	77.48
9/29/10	75.74
9/28/10	74.87
9/27/10	75.06
9/24/10	75.01
9/23/10	74.28
9/22/10	74.41
9/21/10	75.34
9/20/10	75.26
9/17/10	74.95
9/16/10	75.49
9/15/10	75.37
9/14/10	75.54
9/13/10	75.06
9/10/10	74.66
9/9/10	74.48
9/8/10	74.04
9/7/10	73.03
9/6/10	73.46
9/3/10	73.05
9/2/10	72.89
9/1/10	72.49
8/31/10	72.39
8/30/10	73.05
8/27/10	72.36
8/26/10	71.4
8/25/10	70
8/24/10	69.69
8/23/10	70.93
8/20/10	71.78
8/19/10	73.03
8/18/10	73.05
8/17/10	73.25
8/16/10	72.27
8/13/10	72.64
8/12/10	73.73
8/11/10	75.4
8/10/10	76.87
8/9/10	78.28
8/6/10	78.15
8/5/10	78.69
8/4/10	78.88
8/3/10	78.41
8/2/10	77.09
7/30/10	74.43
7/29/10	74.19
7/28/10	73.26
7/27/10	73.95
7/26/10	74.22
7/23/10	74.44
7/22/10	73.47
7/21/10	73.16
7/20/10	73.16
7/19/10	72.94
7/16/10	72.89
7/15/10	73.26
7/14/10	73.93
7/13/10	72.58
7/12/10	72
7/9/10	72.79
7/8/10	71.86
7/7/10	69.74
7/6/10	69.73
7/5/10	69.05
7/2/10	69.63
7/1/10	70.48
6/30/10	72.49
6/29/10	72.66
6/28/10	74.77
6/25/10	73.8
6/24/10	72.9
6/23/10	74.06
6/22/10	75.09
6/21/10	75.94
6/18/10	75.11
6/17/10	75.21
6/16/10	74.13
6/15/10	73.14
6/14/10	73.32
6/11/10	72.26
6/10/10	72.18
6/9/10	71.05
6/8/10	70.08
6/7/10	69.61
6/4/10	72.06
6/3/10	72.84
6/2/10	71.13
6/1/10	70.96
5/31/10	71.88
5/28/10	70.62
5/27/10	70.48
5/26/10	68.21
5/25/10	66.84
5/24/10	68.59
5/21/10	68.47
5/20/10	69.64
5/19/10	70.57
5/18/10	72.77
5/17/10	73.25
5/14/10	75.95
5/13/10	78.43
5/12/10	78.29
5/11/10	77.53
5/10/10	78.08
5/7/10	76.41
5/6/10	78.52
5/5/10	81.12
5/4/10	84.16
5/3/10	84.36
4/30/10	84.13
4/29/10	83.59
4/28/10	82.13
4/27/10	83.03
4/26/10	83.91
4/23/10	83.01
4/22/10	82.36
4/21/10	82.01
4/20/10	81.83
4/19/10	80.89
4/16/10	82.86
4/15/10	83.28
4/14/10	82.63
4/13/10	81.52
4/12/10	82.2
4/9/10	81.97
4/8/10	81.6
4/7/10	82.36
4/6/10	82.55
4/5/10	81.27
4/1/10	79.89
3/31/10	78.7
3/30/10	78.21
3/29/10	77.77
3/26/10	76.8
3/25/10	77.03
3/24/10	76.9
3/23/10	77.54
3/22/10	76.75
3/19/10	77.18
3/18/10	77.9
3/17/10	78.25
3/16/10	76.62
3/15/10	76.24
3/12/10	77.74
3/11/10	77.76
3/10/10	77.8
3/9/10	77.38
3/8/10	77.86
3/5/10	77.27
3/4/10	76.42
3/3/10	76.52
3/2/10	75.51
3/1/10	75.75
2/26/10	74.6
2/25/10	74.66
2/24/10	75.46
2/23/10	75.75
2/22/10	76.14
2/19/10	75.17
2/18/10	74.49
2/17/10	74.33
2/16/10	73.06
2/15/10	71.72
2/12/10	71.55
2/11/10	71.81
2/10/10	70.78
2/9/10	69.76
2/8/10	68.86
2/5/10	69.71
2/4/10	72.73
2/3/10	75.14
2/2/10	73.05
2/1/10	71.02
1/29/10	71.01
1/28/10	71.4
1/27/10	71.87
1/26/10	71.94
1/25/10	71.97
1/22/10	73.02
1/21/10	74.54
1/20/10	75.3
1/19/10	75.53
1/18/10	75.75
1/15/10	76.57
1/14/10	77.59
1/13/10	77.15
1/12/10	79.08
1/11/10	80.29
1/8/10	79.94
1/7/10	80.19
1/6/10	79.7
1/5/10	79.14
1/4/10	78.23
12/31/09	77.16
12/30/09	76.77
12/29/09	76.19
12/28/09	74.83
12/24/09	74.33
12/23/09	72.71
12/22/09	71.32
12/21/09	71.88
12/18/09	71.78
12/17/09	71.77
12/16/09	72.17
12/15/09	70.84
12/14/09	70.64
12/11/09	70.85
12/10/09	71.43
12/9/09	73.7
12/8/09	74.8
12/7/09	75.76
12/4/09	76.81
12/3/09	77.32
12/2/09	77.31
12/1/09	77.88
11/30/09	76.21
11/27/09	75.38
11/26/09	75.96
11/25/09	75.67
11/24/09	75.22
11/23/09	76.72
11/20/09	75.77
11/19/09	76.77
11/18/09	77.86
11/17/09	76.96
11/16/09	76.48
11/13/09	75.25
11/12/09	76.06
11/11/09	76.88
11/10/09	76.5
11/9/09	76.56
11/6/09	76.25
11/5/09	77.45
11/4/09	77.6
11/3/09	75.53
11/2/09	74.95
10/30/09	75.56
10/29/09	75.94
10/28/09	75.53
10/27/09	76.43
10/26/09	76.7
10/23/09	77.59
10/22/09	77.61
10/21/09	76.37
10/20/09	75.82
10/19/09	75.82
10/16/09	74.89
10/15/09	73.2
10/14/09	71.96
10/13/09	70.94
10/12/09	70.06
10/9/09	68.86
10/8/09	67.84
10/7/09	67.76
10/6/09	68.14
10/5/09	66.81
10/2/09	67.17
10/1/09	67.72
9/30/09	65.55
9/29/09	64.25
9/28/09	64.07
9/25/09	64
9/24/09	65.12
9/23/09	67.87
9/22/09	68.59
9/21/09	68.42
9/18/09	69.62
9/17/09	70.27
9/16/09	68.69
9/15/09	66.95
9/14/09	66.47
9/11/09	68.21
9/10/09	69.23
9/9/09	68.97
9/8/09	67.83
9/7/09	66.2
9/4/09	66.03
9/3/09	66.65
9/2/09	66.64
9/1/09	68.11
8/31/09	70.37
8/28/09	71.72
8/27/09	70.36
8/26/09	70.44
8/25/09	71.71
8/24/09	72.89
8/21/09	72.27
8/20/09	72.57
8/19/09	71.13
8/18/09	69.47
8/17/09	68.04
8/14/09	71.14
8/13/09	72.22
8/12/09	71.04
8/11/09	71.06
8/10/09	71.68
8/7/09	71.96
8/6/09	72.92
8/5/09	72.45
8/4/09	71.53
8/3/09	71.34
7/31/09	68.59
7/30/09	66.42
7/29/09	65.81
7/28/09	68.45
7/27/09	69.01
7/24/09	67.8
7/23/09	66.46
7/22/09	64.68
7/21/09	65.04
7/20/09	64.64
7/17/09	63.23
7/16/09	62.54
7/15/09	61.73
7/14/09	60.87
7/13/09	59.66
7/10/09	59.86
7/9/09	60.58
7/8/09	61.11
7/7/09	62.97
7/6/09	63.66
7/3/09	66.12
7/2/09	67.04
7/1/09	69.26
6/30/09	69.56
6/29/09	69.16
6/26/09	69.02
6/25/09	68.27
6/24/09	67.74
6/23/09	66.34
6/22/09	67.13
6/19/09	70
6/18/09	70.01
6/17/09	69.1
6/16/09	69.41
6/15/09	68.98
6/12/09	70.18
6/11/09	70.6
6/10/09	69.92
6/9/09	68.42
6/8/09	66.75
6/5/09	67.81
6/4/09	66.74
6/3/09	66.14
6/2/09	66.6
6/1/09	66.08
5/29/09	63.71
5/28/09	61.77
5/27/09	60.75
5/26/09	58.71
5/25/09	58.55
5/22/09	58.75
5/21/09	58.32
5/20/09	58.47
5/19/09	57.52
5/18/09	55.86
5/15/09	56.37
5/14/09	55.99
5/13/09	57.16
5/12/09	56.76
5/11/09	56.11
5/8/09	56.35
5/7/09	56.05
5/6/09	54.09
5/5/09	52.71
5/4/09	52.11
5/1/09	50.41
4/30/09	50.36
4/29/09	49.98
4/28/09	48.7
4/27/09	49.21
4/24/09	49.97
4/23/09	48.6
4/22/09	48.51
4/21/09	48.49
4/20/09	49.59
4/17/09	51.45
4/16/09	51.55
4/15/09	51.17
4/14/09	51.07
4/13/09	51.92
4/9/09	52.26
4/8/09	50.25
4/7/09	50.96
4/6/09	51.9
4/3/09	51.2
4/2/09	49.97
4/1/09	47.15
3/31/09	46.65
3/30/09	47.72
3/27/09	50.41
3/26/09	50.77
3/25/09	50.14
3/24/09	50.44
3/23/09	50.18
3/20/09	48.77
3/19/09	47.39
3/18/09	45.64
3/17/09	44.71
3/16/09	43.05
3/13/09	44.15
3/12/09	42.24
3/11/09	42.38
3/10/09	43.47
3/9/09	44.04
3/6/09	43.15
3/5/09	43.64
3/4/09	43.83
3/3/09	41.79
3/2/09	42.61
2/27/09	43.23
2/26/09	43.21
2/25/09	40.71
2/24/09	39.03
2/23/09	39.47
2/20/09	39.19
2/19/09	38.98
2/18/09	38.1
2/17/09	39.8
2/16/09	41.48
2/13/09	42.31
2/12/09	41.81
2/11/09	42.29
2/10/09	43.45
2/9/09	43.9
2/6/09	43.29
2/5/09	42.15
2/4/09	41.63
2/3/09	41.57
2/2/09	42.58
1/30/09	42.02
1/29/09	41.19
1/28/09	40.81
1/27/09	40.48
1/26/09	42.54
1/23/09	41.03
1/22/09	40.28
1/21/09	39.55
1/20/09	39.29
1/19/09	40.33
1/16/09	42.23
1/15/09	40.9
1/14/09	41.32
1/13/09	40.13
1/12/09	40.15
1/9/09	41.9
1/8/09	42.06
1/7/09	45.43
1/6/09	46.32
1/5/09	43.98
1/2/09	40.44
12/31/08	35.58
12/30/08	34.95
12/29/08	34.69
12/24/08	33.36
12/23/08	34.49
12/22/08	36.92
12/19/08	37.72
12/18/08	39.48
12/17/08	40.95
12/16/08	40.74
12/15/08	42.53
12/12/08	41.32
12/11/08	40.12
12/10/08	37.94
12/9/08	38.19
12/8/08	37.73
12/5/08	36.67
12/4/08	39.56
12/3/08	40.75
12/2/08	41.6
12/1/08	45.26
11/28/08	47.22
11/27/08	47.47
11/26/08	45.47
11/25/08	45.53
11/24/08	44.48
11/21/08	42.56
11/20/08	44.06
11/19/08	45.89
11/18/08	46.55
11/17/08	47.96
11/14/08	49.09
11/13/08	47.73
11/12/08	49.94
11/11/08	52.24
11/10/08	54.77
11/7/08	53.49
11/6/08	54.89
11/5/08	58.97
11/4/08	57.77
11/3/08	59.03
10/31/08	57.43
10/30/08	59.92
10/29/08	58.13
10/28/08	55.9
10/27/08	56.8
10/24/08	57.57
10/23/08	60.27
10/22/08	60.82
10/21/08	64.35
10/20/08	64.63
10/17/08	62.92
10/16/08	62.77
10/15/08	68.28
10/14/08	73.49
10/13/08	71.96
10/10/08	72.67
10/9/08	78.24
10/8/08	77.37
10/7/08	80.04
10/6/08	81.56
10/3/08	86.36
10/2/08	89.27
10/1/08	89.99
9/30/08	90.32
9/29/08	94.09
9/26/08	97.9
9/25/08	97.68
9/24/08	98.88
9/23/08	99
9/22/08	97.95
9/19/08	91.83
9/18/08	89.38
9/17/08	87.25
9/16/08	86.27
9/15/08	91.26
9/12/08	95.21
9/11/08	95.29
9/10/08	96.79
9/9/08	98.49
9/8/08	101.08
9/5/08	101.21
9/4/08	103.64
9/3/08	103.68
9/2/08	103.4
9/1/08	110.01
8/29/08	111.23
8/28/08	111.85
8/27/08	111.79
8/26/08	110.51
8/25/08	110.61
8/22/08	114.63
8/21/08	114.07
8/20/08	109.77
8/19/08	108.26
8/18/08	108.68
8/15/08	107.88
8/14/08	110.88
8/13/08	109.56
8/12/08	109.08
8/11/08	111.27
8/8/08	112.73
8/7/08	115.08
8/6/08	114.64
8/5/08	116.22
8/4/08	120.8
8/1/08	121.08
7/31/08	122.48
7/30/08	120.88
7/29/08	121.73
7/28/08	123.19
7/25/08	122.63
7/24/08	122.42
7/23/08	123.89
7/22/08	127.43
7/21/08	127.72
7/18/08	127.93
7/17/08	131.03
7/16/08	133.09
7/15/08	138
7/14/08	139.81
7/11/08	139.85
7/10/08	133.68
7/9/08	133.16
7/8/08	135.21
7/7/08	138.44
7/4/08	140.13
7/3/08	140.73
7/2/08	137.73
7/1/08	136.94
6/30/08	136.03
6/27/08	135.31
6/26/08	130.77
6/25/08	129.87
6/24/08	131.34
6/23/08	130.7
6/20/08	128.56
6/19/08	129.44
6/18/08	128.44
6/17/08	128.97
6/16/08	129.77
6/13/08	130.51
6/12/08	129.75
6/11/08	128.88
6/10/08	128.64
6/9/08	130.86
6/6/08	126.09
6/5/08	118.75
6/4/08	118.55
6/3/08	121.68
6/2/08	122.09
5/30/08	121.68
5/29/08	124.27
5/28/08	123.05
5/27/08	125.91
5/26/08	126.57
5/23/08	126.37
5/22/08	127.59
5/21/08	124.45
5/20/08	121.02
5/19/08	119.24
5/16/08	119.27
5/15/08	118.95
5/14/08	118.78
5/13/08	118.73
5/12/08	119.65
5/9/08	119.07
5/8/08	116.87
5/7/08	115.97
5/6/08	114.69
5/5/08	111.55
5/2/08	106.93
5/1/08	105.93
4/30/08	107.33
4/29/08	109.86
4/28/08	111.66
4/25/08	110.01
4/24/08	110.63
4/23/08	111.14
4/22/08	109.92
4/21/08	108.93
4/18/08	107.75
4/17/08	107.63
4/16/08	106.65
4/15/08	105.73
4/14/08	104.02
4/11/08	103.67
4/10/08	103.74
4/9/08	102.38
4/8/08	101.89
4/7/08	101.16
4/4/08	98.63
4/3/08	98.63
4/2/08	96.48
4/1/08	95.75
3/31/08	98.63
3/28/08	99.77
3/27/08	100.36
3/26/08	98.42
3/25/08	96.49
3/24/08	96.15
3/20/08	96.1
3/19/08	99.97
3/18/08	100.1
3/17/08	101.41
3/14/08	102.88
3/13/08	102.39
3/12/08	101.38
3/11/08	100.57
3/10/08	99.48
3/7/08	99
3/6/08	98.34
3/5/08	95.86
3/4/08	96.13
3/3/08	97.12
2/29/08	96.35
2/28/08	94.87
2/27/08	95.03
2/26/08	93.96
2/25/08	93.49
2/22/08	92.48
2/21/08	93.81
2/20/08	94.09
2/19/08	92.52
2/18/08	91.21
2/15/08	91.55
2/14/08	90.63
2/13/08	89.48
2/12/08	89.63
2/11/08	89.01
2/8/08	86.1
2/7/08	84.63
2/6/08	84.66
2/5/08	86.01
2/4/08	86.51
2/1/08	87.5
1/31/08	87.92
1/30/08	88.59
1/29/08	88.2
1/28/08	87.01
1/25/08	86.87
1/24/08	84.42
1/23/08	84.48
1/22/08	83.7
1/21/08	85.06
1/18/08	85.91
1/17/08	86.14
1/16/08	86.28
1/15/08	88.33
1/14/08	88.51
1/11/08	88.36
1/10/08	89.71
1/9/08	91.98
1/8/08	91.67
1/7/08	91.72
1/4/08	93.38
1/3/08	93.67
1/2/08	91.82
12/31/07	90.7
12/28/07	90.84
12/27/07	90.29
12/26/07	89.44
12/24/07	87.86
12/21/07	87.73
12/20/07	87.36
12/19/07	87.24
12/18/07	87.1
12/17/07	87.13
12/14/07	87.81
12/13/07	88.46
12/12/07	86.61
12/11/07	84.51
12/10/07	84.02
12/7/07	85.07
12/6/07	84.34
12/5/07	85.3
12/4/07	85.14
12/3/07	84.13
11/30/07	85.72
11/29/07	87.59
11/28/07	87.88
11/27/07	90.08
11/26/07	91.68
11/23/07	91.37
11/22/07	91.22
11/21/07	91.77
11/20/07	89.93
11/19/07	88.57
11/16/07	87.41
11/15/07	86.87
11/14/07	86.45
11/13/07	86.68
11/12/07	88.65
11/9/07	89.58
11/8/07	90.56
11/7/07	90.57
11/6/07	89.02
11/5/07	88
11/2/07	87.47
11/1/07	87.47
10/31/07	84.76
10/30/07	85.52
10/29/07	85.94
10/26/07	84.82
10/25/07	82.67
10/24/07	80.49
10/23/07	80.03
10/22/07	80.15
10/19/07	81.49
10/18/07	81.18
10/17/07	81.13
10/16/07	80.87
10/15/07	78.76
10/12/07	77.62
10/11/07	77.01
10/10/07	75.36
10/9/07	74.47
10/8/07	75.37
10/5/07	76.23
10/4/07	74.83
10/3/07	74.96
10/2/07	74.66
10/1/07	75.97
9/28/07	77.43
9/27/07	76.02
9/26/07	75.11
9/25/07	75.8
9/24/07	76.48
9/21/07	76.72
9/20/07	75.78
9/19/07	75.61
9/18/07	74.92
9/17/07	74.06
9/14/07	74.48
9/13/07	74.64
9/12/07	74.21
9/11/07	73.13
9/10/07	72.27
9/7/07	72.01
9/6/07	72.1
9/5/07	71.46
9/4/07	70.88
9/3/07	70.42
8/31/07	69.7
8/30/07	69.18
8/29/07	68.41
8/28/07	68.25
8/27/07	67.76
8/24/07	67.61
8/23/07	67.07
8/22/07	66.6
8/21/07	67.1
8/20/07	67.69
8/17/07	67.83
8/16/07	67.63
8/15/07	68.68
8/14/07	67.75
8/13/07	68.36
8/10/07	67.56
8/9/07	68.29
8/8/07	68.59
8/7/07	68.34
8/6/07	70.3
8/3/07	72.12
8/2/07	72.3
8/1/07	73.17
7/31/07	72.56
7/30/07	72.35
7/27/07	72.36
7/26/07	73.01
7/25/07	71.65
7/24/07	72.02
7/23/07	73.13
7/20/07	73.8
7/19/07	73.36
7/18/07	72.2
7/17/07	72.05
7/16/07	72.97
7/13/07	72.67
7/12/07	72.15
7/11/07	72.05
7/10/07	71.78
7/9/07	71.55
7/6/07	71.33
7/5/07	70.38
7/4/07	69.89
7/3/07	69.65
7/2/07	68.73
6/29/07	68.02
6/28/07	67.72
6/27/07	67.41
6/26/07	67.53
6/25/07	67.38
6/22/07	67.5
6/21/07	67.7
6/20/07	67.7
6/19/07	68.33
6/18/07	68.02
6/15/07	67.5
6/14/07	66.87
6/13/07	65.67
6/12/07	65.46
6/11/07	65.14
6/8/07	66.23
6/7/07	67.18
6/6/07	66.58
6/5/07	66.34
6/4/07	65.81
6/1/07	64.6
5/31/07	64.45
5/30/07	64.3
5/29/07	65.49
5/28/07	66.2
5/25/07	66.57
5/24/07	66.93
5/23/07	66.36
5/22/07	66.62
5/21/07	66.24
5/18/07	66.01
5/17/07	65.29
5/16/07	64.55
5/15/07	63.79
5/14/07	63.79
5/11/07	63.15
5/10/07	62.36
5/9/07	62.19
5/8/07	62.1
5/7/07	61.93
5/4/07	63.1
5/3/07	63.19
5/2/07	63.69
5/1/07	64.81
4/30/07	64.26
4/27/07	64.03
4/26/07	64.2
4/25/07	63.69
4/24/07	63.94
4/23/07	63.1
4/20/07	62.23
4/19/07	61.98
4/18/07	61.96
4/17/07	63.14
4/16/07	64.05
4/13/07	64.88
4/12/07	63.83
4/11/07	63.54
4/10/07	62.82
4/9/07	63.74
4/5/07	64.16
4/4/07	63.48
4/3/07	63.87
4/2/07	64.06
3/30/07	63.79
3/29/07	62.52
3/28/07	61.88
3/27/07	60.49
3/26/07	60.16
3/23/07	59.05
3/22/07	57.91
3/21/07	56.87
3/20/07	56.59
3/19/07	56.74
3/16/07	56.86
3/15/07	57.28
3/14/07	57.23
3/13/07	57.38
3/12/07	57.37
3/9/07	58.29
3/8/07	58.73
3/7/07	58.2
3/6/07	57.21
3/5/07	57.32
3/2/07	58.65
3/1/07	58.47
2/28/07	56.69
2/27/07	57.24
2/26/07	57.07
2/23/07	56.55
2/22/07	55.14
2/21/07	54
2/20/07	53.42
2/19/07	53.87
2/16/07	53.69
2/15/07	52.88
2/14/07	53.76
2/13/07	53.38
2/12/07	53.99
2/9/07	55.08
2/8/07	53.6
2/7/07	54.4
2/6/07	54.68
2/5/07	54.66
2/2/07	53.64
2/1/07	53.49
1/31/07	52.62
1/30/07	50.82
1/29/07	51.28
1/26/07	51.04
1/25/07	51.27
1/24/07	50.92
1/23/07	49.6
1/22/07	49.72
1/19/07	48.3
1/18/07	48.24
1/17/07	47.97
1/16/07	48.58
1/15/07	49.36
1/12/07	48.68
1/11/07	49.22
1/10/07	50.6
1/9/07	51.2
1/8/07	51.88
1/5/07	51.3
1/4/07	53.26
1/3/07	55.42
1/2/07	56.16
12/29/06	55.97
12/28/06	56.12
12/27/06	56.43
12/26/06	57.45
12/22/06	57.98
12/21/06	58.05
12/20/06	58.2
12/19/06	57.44
12/18/06	58.4
12/15/06	58.39
12/14/06	57.43
12/13/06	57
12/12/06	57.41
12/11/06	57.74
12/8/06	58.63
12/7/06	58.66
12/6/06	59.1
12/5/06	59.19
12/4/06	59.7
12/1/06	59.66
11/30/06	58.71
11/29/06	57.32
11/28/06	56.48
11/27/06	55.76
11/24/06	55.29
11/23/06	54.98
11/22/06	55.26
11/21/06	54.9
11/20/06	54.03
11/17/06	53.9
11/16/06	55.44
11/15/06	55.33
11/14/06	55.19
11/13/06	55.42
11/10/06	56.57
11/9/06	56.41
11/8/06	55.18
11/7/06	55.64
11/6/06	54.91
11/3/06	54.07
11/2/06	54.25
11/1/06	54.25
10/31/06	53.37
10/30/06	54.87
10/27/06	55.53
10/26/06	56.12
10/25/06	54.96
10/24/06	53.78
10/23/06	53.44
10/20/06	55.07
10/19/06	54.56
10/18/06	55.27
10/17/06	56.17
10/16/06	55.34
10/13/06	54.9
10/12/06	54.19
10/11/06	54.16
10/10/06	55.31
10/9/06	55.7
10/6/06	55.05
10/5/06	55.27
10/4/06	54.1
10/3/06	54.99
10/2/06	57.19
9/29/06	57.38
9/28/06	57.57
9/27/06	55.92
9/26/06	55.86
9/25/06	54.92
9/22/06	56.15
9/21/06	55.92
9/20/06	56.23
9/19/06	58.85
9/18/06	58.67
9/15/06	58.45
9/14/06	59.22
9/13/06	58.95
9/12/06	60.37
9/11/06	60.7
9/8/06	62.04
9/7/06	62.74
9/6/06	63.27
9/5/06	63.54
9/4/06	64.13
9/1/06	65.35
8/31/06	65.18
8/30/06	65
8/29/06	65.4
8/28/06	66.03
8/25/06	68.1
8/24/06	67
8/23/06	67.34
8/22/06	67.99
8/21/06	67.92
8/18/06	67.02
8/17/06	66.85
8/16/06	68.24
8/15/06	69.01
8/14/06	69.54
8/11/06	70.34
8/10/06	70.94
8/9/06	72.54
8/8/06	72.68
8/7/06	72.12
8/4/06	71.08
8/3/06	71.08
8/2/06	71.2
8/1/06	69.97
7/31/06	68.42
7/28/06	68.97
7/27/06	69.07
7/26/06	68.25
7/25/06	68.71
7/24/06	67.99
7/21/06	68.44
7/20/06	68.45
7/19/06	68.46
7/18/06	70.29
7/17/06	71.4
7/14/06	71.71
7/13/06	70.27
7/12/06	68.66
7/11/06	68.1
7/10/06	67.9
7/7/06	68.77
7/6/06	68.74
7/5/06	67.92
7/4/06	67.85
7/3/06	68.28
6/30/06	67.29
6/29/06	66.6
6/28/06	65.89
6/27/06	65.79
6/26/06	64.59
6/23/06	64.4
6/22/06	64.36
6/21/06	62.87
6/20/06	62.95
6/19/06	62.64
6/16/06	63.02
6/15/06	63.1
6/14/06	62.66
6/13/06	63.2
6/12/06	65.41
6/9/06	64.85
6/8/06	63.84
6/7/06	65.43
6/6/06	65.93
6/5/06	66.48
6/2/06	65.01
6/1/06	64.84
5/31/06	64.88
5/30/06	65.41
5/29/06	65.12
5/26/06	65.1
5/25/06	63.91
5/24/06	64.48
5/23/06	64.45
5/22/06	62.51
5/19/06	63.42
5/18/06	62.95
5/17/06	63.75
5/16/06	63.83
5/15/06	64.67
5/12/06	67.02
5/11/06	67.27
5/10/06	65.6
5/9/06	65.05
5/8/06	64.51
5/5/06	64.98
5/4/06	66.07
5/3/06	68.05
5/2/06	68.37
5/1/06	66.2
4/28/06	65.48
4/27/06	65.63
4/26/06	66.94
4/25/06	66.21
4/24/06	67.37
4/21/06	66.84
4/20/06	67
4/19/06	66.36
4/18/06	65.8
4/17/06	65.02
4/13/06	63.82
4/12/06	63.84
4/11/06	63.61
4/10/06	62.61
4/7/06	61.8
4/6/06	62.13
4/5/06	61.08
4/4/06	61.01
4/3/06	61.82
3/31/06	61.17
3/30/06	60.64
3/29/06	59.95
3/28/06	59.05
3/27/06	58.02
3/24/06	58.05
3/23/06	57.14
3/22/06	56.78
3/21/06	56.14
3/20/06	57.32
3/17/06	58.47
3/16/06	57.45
3/15/06	58.3
3/14/06	57.69
3/13/06	56.41
3/10/06	56.18
3/9/06	55.73
3/8/06	56.04
3/7/06	57.47
3/6/06	58.64
3/3/06	59.17
3/2/06	58.1
3/1/06	57.13
2/28/06	56.01
2/27/06	56.38
2/24/06	56.43
2/23/06	55.18
2/22/06	55.72
2/21/06	56.07
2/20/06	55.78
2/17/06	54.58
2/16/06	53.62
2/15/06	54.35
2/14/06	55.3
2/13/06	55.85
2/10/06	56.63
2/9/06	57.17
2/8/06	57.19
2/7/06	58.17
2/6/06	59.34
2/3/06	58.33
2/2/06	59.49
2/1/06	60.77
1/31/06	60.4
1/30/06	60.42
1/27/06	60.22
1/26/06	59.3
1/25/06	59.33
1/24/06	60.51
1/23/06	60.9
1/20/06	60.63
1/19/06	59.26
1/18/06	59.42
1/17/06	58.58
1/16/06	57.76
1/13/06	57.16
1/12/06	57.63
1/11/06	56.87
1/10/06	57.11
1/9/06	57.29
1/6/06	56.78
1/5/06	56.61
1/4/06	56.38
1/3/06	55.6
12/30/05	53.47
12/29/05	52.9
12/28/05	51.73
12/27/05	51.14
12/23/05	51.53
12/22/05	51.98
12/21/05	51.43
12/20/05	51.37
12/19/05	51.62
12/16/05	53.25
12/15/05	54.44
12/14/05	54.62
12/13/05	54.44
12/12/05	53.5
12/9/05	53.95
12/8/05	52.94
12/7/05	52.88
12/6/05	52.85
12/5/05	52.72
12/2/05	51.87
12/1/05	50.71
11/30/05	49.69
11/29/05	49.78
11/28/05	50.04
11/25/05	50.42
11/24/05	50.89
11/23/05	51.05
11/22/05	50.7
11/21/05	50.15
11/18/05	49.49
11/17/05	50.11
11/16/05	49.73
11/15/05	50.01
11/14/05	50.43
11/11/05	50.25
11/10/05	51.3
11/9/05	52.2
11/8/05	52.31
11/7/05	52.86
11/4/05	54.25
11/3/05	53.45
11/2/05	52.88
11/1/05	52.91
10/31/05	52.99
10/28/05	53.73
10/27/05	53.79
10/26/05	54.41
10/25/05	53.29
10/24/05	52.63
10/21/05	52.47
10/20/05	52.85
10/19/05	53.64
10/18/05	54.41
10/17/05	55.24
10/14/05	54.34
10/13/05	55.23
10/12/05	55.37
10/11/05	54.47
10/10/05	53.97
10/7/05	53.72
10/6/05	54.27
10/5/05	55.86
10/4/05	56.48
10/3/05	58.11
9/30/05	58.02
9/29/05	58.17
9/28/05	57.65
9/27/05	57.71
9/26/05	56.91
9/23/05	57.71
9/22/05	59.28
9/21/05	58.9
9/20/05	58.3
9/19/05	57.56
9/16/05	56.62
9/15/05	57.53
9/14/05	56.28
9/13/05	55.82
9/12/05	56.73
9/9/05	57.58
9/8/05	57.48
9/7/05	58.43
9/6/05	59.05
9/5/05	59.22
9/2/05	60.73
9/1/05	61.37
8/31/05	61.1
8/30/05	60.36
8/29/05	60.33
8/26/05	59.76
8/25/05	59.75
8/24/05	58.9
8/23/05	58.15
8/22/05	58.1
8/19/05	57.53
8/18/05	56.51
8/17/05	57.71
8/16/05	58.89
8/15/05	59.05
8/12/05	59.14
8/11/05	58.28
8/10/05	57.3
8/9/05	56.45
8/8/05	56.57
8/5/05	55.29
8/4/05	55.07
8/3/05	55.43
8/2/05	55.13
8/1/05	55.12
7/29/05	54.2
7/28/05	53.13
7/27/05	52.86
7/26/05	52.69
7/25/05	52.07
7/22/05	51.81
7/21/05	51.23
7/20/05	52.15
7/19/05	51.9
7/18/05	52.38
7/15/05	52.44
7/14/05	53.37
7/13/05	54.53
7/12/05	54.31
7/11/05	53.31
7/8/05	54.94
7/7/05	54.82
7/6/05	54.8
7/5/05	53.9
7/4/05	53.41
7/1/05	52.58
6/30/05	52.01
6/29/05	52.5
6/28/05	53.82
6/27/05	54.26
6/24/05	53.36
6/23/05	52.69
6/22/05	52.34
6/21/05	52.88
6/20/05	52.78
6/17/05	51.58
6/16/05	50.18
6/15/05	52.26
6/14/05	52.05
6/13/05	50.83
6/10/05	50.74
6/9/05	50.55
6/8/05	50.21
6/7/05	50.74
6/6/05	51.18
6/3/05	50.72
6/2/05	50.23
6/1/05	49.3
5/31/05	47.6
5/30/05	47.62
5/27/05	47.45
5/26/05	47.17
5/25/05	46.41
5/24/05	45.7
5/23/05	45.5
5/20/05	45.27
5/19/05	44.65
5/18/05	45.11
5/17/05	45.6
5/16/05	45.47
5/13/05	45.54
5/12/05	45.87
5/11/05	47.39
5/10/05	48.16
5/9/05	47.82
5/6/05	47.92
5/5/05	47.63
5/4/05	47.33
5/3/05	47.4
5/2/05	47.79
4/29/05	47.9
4/28/05	48.03
4/27/05	48.88
4/26/05	49.9
4/25/05	50.17
4/22/05	50.61
4/21/05	49.25
4/20/05	49.02
4/19/05	47.71
4/18/05	46.52
4/15/05	47.08
4/14/05	47.5
4/13/05	47.84
4/12/05	49.43
4/11/05	49.14
4/8/05	49.94
4/7/05	51.85
4/6/05	52.1
4/5/05	52.27
4/4/05	52.93
4/1/05	51.65
3/31/05	50.23
3/30/05	48.8
3/29/05	49.04
3/28/05	49.26
3/24/05	50.12
3/23/05	49.09
3/22/05	51.03
3/21/05	51.76
3/18/05	51.67
3/17/05	51.76
3/16/05	50.78
3/15/05	50.21
3/14/05	49.59
3/11/05	49.2
3/10/05	49.4
3/9/05	49.87
3/8/05	49.01
3/7/05	48.15
3/4/05	48.37
3/3/05	48.36
3/2/05	47.01
3/1/05	46.17
2/28/05	46.26
2/25/05	45.49
2/24/05	45.24
2/23/05	44.72
2/22/05	44.28
2/21/05	43.12
2/18/05	42.68
2/17/05	42.56
2/16/05	41.87
2/15/05	41.84
2/14/05	41.44
2/11/05	41.38
2/10/05	40.54
2/9/05	39.94
2/8/05	39.79
2/7/05	39.98
2/4/05	40.73
2/3/05	40.19
2/2/05	40.62
2/1/05	41.28
1/31/05	40.95
1/28/05	41.88
1/27/05	43.01
1/26/05	43.1
1/25/05	42.68
1/24/05	42.49
1/21/05	41.63
1/20/05	40.68
1/19/05	41.52
1/18/05	41.97
1/17/05	41.81
1/14/05	41.8
1/13/05	41.08
1/12/05	39.81
1/11/05	39.45
1/10/05	40.12
1/7/05	39.35
1/6/05	38.19
1/5/05	37.24
1/4/05	36.57
1/3/05	35.67
12/31/04	36.43
12/30/04	36.19
12/29/04	35.54
12/28/04	34.81
12/27/04	35.3
12/24/04	36.58
12/23/04	36.71
12/22/04	37.41
12/21/04	38.26
12/20/04	38.34
12/17/04	37.87
12/16/04	36.84
12/15/04	36.47
12/14/04	34.72
12/13/04	33.99
12/10/04	33.92
12/9/04	34.29
12/8/04	33.78
12/7/04	34.21
12/6/04	34.89
12/3/04	34.53
12/2/04	35.42
12/1/04	38.03
11/30/04	39.77
11/29/04	39.46
11/26/04	38.89
11/25/04	39.06
11/24/04	38.95
11/23/04	38.69
11/22/04	38.62
11/19/04	37.53
11/18/04	36.2
11/17/04	35.49
11/16/04	35.94
11/15/04	36.11
11/12/04	36.96
11/11/04	37.16
11/10/04	37.73
11/9/04	38.03
11/8/04	38.67
11/5/04	38.56
11/4/04	40.53
11/3/04	41.44
11/2/04	41.98
11/1/04	43.31
10/29/04	43.39
10/28/04	43.59
10/27/04	44.75
10/26/04	45.48
10/25/04	46.06
10/22/04	46.52
10/21/04	46.61
10/20/04	45.87
10/19/04	44.98
10/18/04	45.47
10/15/04	46.14
10/14/04	45.48
10/13/04	44.99
10/12/04	46.49
10/11/04	46.04
10/8/04	45.19
10/7/04	45.08
10/6/04	44.26
10/5/04	43.8
10/4/04	43.28
10/1/04	43.29
9/30/04	43.39
9/29/04	43.13
9/28/04	43.54
9/27/04	42.9
9/24/04	42.31
9/23/04	42.27
9/22/04	41.75
9/21/04	40.71
9/20/04	40.2
9/17/04	39.5
9/16/04	38.44
9/15/04	39.02
9/14/04	39.07
9/13/04	38.3
9/10/04	38.82
9/9/04	38.74
9/8/04	38.19
9/7/04	38.13
9/6/04	38.66
9/3/04	39.12
9/2/04	39.68
9/1/04	38.81
8/31/04	38.15
8/30/04	38.48
8/27/04	39.05
8/26/04	39.02
8/25/04	40.45
8/24/04	41.43
8/23/04	42.27
8/20/04	43.16
8/19/04	42.6
8/18/04	42.07
8/17/04	41.75
8/16/04	41.7
8/13/04	41.33
8/12/04	40.76
8/11/04	40.08
8/10/04	40
8/9/04	40.04
8/6/04	39.67
8/5/04	39.55
8/4/04	39.29
8/3/04	39.33
8/2/04	39.04
7/30/04	38.69
7/29/04	37.94
7/28/04	37.95
7/27/04	37.27
7/26/04	37.02
7/23/04	36.96
7/22/04	36.6
7/21/04	36.16
7/20/04	36.49
7/19/04	36.89
7/16/04	36.81
7/15/04	36.58
7/14/04	35.79
7/13/04	35.13
7/12/04	35.83
7/9/04	36.05
7/8/04	35.91
7/7/04	35.47
7/6/04	35.58
7/5/04	34.88
7/2/04	34.75
7/1/04	34
6/30/04	32.68
6/29/04	32.5
6/28/04	33.07
6/25/04	33.95
6/24/04	34.1
6/23/04	34.24
6/22/04	34.36
6/21/04	34.65
6/18/04	35.19
6/17/04	34.69
6/16/04	33.93
6/15/04	33.72
6/14/04	34.29
6/11/04	34.59
6/10/04	34.59
6/9/04	33.91
6/8/04	34.45
6/7/04	34.64
6/4/04	34.94
6/3/04	35.86
6/2/04	36.8
6/1/04	37.64
5/31/04	36.17
5/28/04	36.01
5/27/04	36.02
5/26/04	36.99
5/25/04	37.36
5/24/04	37.05
5/21/04	36.4
5/20/04	37.44
5/19/04	37.12
5/18/04	36.93
5/17/04	37.72
5/14/04	37.67
5/13/04	36.93
5/12/04	36.74
5/11/04	35.57
5/10/04	35.42
5/7/04	36.12
5/6/04	35.88
5/5/04	35.3
5/4/04	34.71
5/3/04	34.13
4/30/04	33.99
4/29/04	33.33
4/28/04	33.67
4/27/04	33.32
4/26/04	32.87
4/23/04	32.58
4/22/04	32.5
4/21/04	32.15
4/20/04	32.45
4/19/04	32.89
4/16/04	32.85
4/15/04	32.54
4/14/04	32.1
4/13/04	32.6
4/12/04	32.92
4/8/04	32.37
4/7/04	31.32
4/6/04	30.22
4/5/04	29.9
4/2/04	30.18
4/1/04	30.79
3/31/04	31.49
3/30/04	31.7
3/29/04	31.13
3/26/04	31.57
3/25/04	31.93
3/24/04	32.85
3/23/04	32.83
3/22/04	32.46
3/19/04	33.01
3/18/04	33.03
3/17/04	32.95
3/16/04	32.59
3/15/04	32.3
3/12/04	31.94
3/11/04	31.95
3/10/04	31.67
3/9/04	32.3
3/8/04	32.59
3/5/04	32.75
3/4/04	32.05
3/3/04	31.82
3/2/04	32.48
3/1/04	31.82
2/27/04	31.13
2/26/04	31
2/25/04	30.89
2/24/04	30.55
2/23/04	30.2
2/20/04	30.17
2/19/04	30.44
2/18/04	30.52
2/17/04	30.08
2/16/04	29.72
2/13/04	29.74
2/12/04	28.96
2/11/04	29.13
2/10/04	28.75
2/9/04	28.09
2/6/04	28.2
2/5/04	28.2
2/4/04	28.55
2/3/04	29.19
2/2/04	29.06
1/30/04	28.68
1/29/04	28.98
1/28/04	29.49
1/27/04	29.99
1/26/04	30.17
1/23/04	30.74
1/22/04	30.71
1/21/04	30.74
1/20/04	31.01
1/19/04	30.73
1/16/04	30.27
1/15/04	30.37
1/14/04	30.53
1/13/04	31.08
1/12/04	30.96
1/9/04	30.88
1/8/04	30.41
1/7/04	30.23
1/6/04	30.33
1/5/04	29.85
1/2/04	29.41
12/31/03	29.87
12/30/03	29.73
12/29/03	29.53
12/24/03	29.91
12/23/03	29.13
12/22/03	29.62
12/19/03	30.71
12/18/03	30.73
12/17/03	30.45
12/16/03	30.34
12/15/03	30.04
12/12/03	29.9
12/11/03	29.42
12/10/03	29.64
12/9/03	29.73
12/8/03	29.47
12/5/03	28.69
12/4/03	29.02
12/3/03	28.68
12/2/03	28.43
12/1/03	27.92
11/28/03	28.45
11/27/03	28.39
11/26/03	28.15
11/25/03	27.98
11/24/03	28.29
11/21/03	29.41
11/20/03	29.45
11/19/03	29.79
11/18/03	29.21
11/17/03	28.9
11/14/03	29.26
11/13/03	28.94
11/12/03	28.63
11/11/03	28.63
11/10/03	28.58
11/7/03	28.3
11/6/03	27.84
11/5/03	27.49
11/4/03	26.77
11/3/03	27.19
10/31/03	27.17
10/30/03	26.98
10/29/03	27.58
10/28/03	27.77
10/27/03	28.12
10/24/03	28.23
10/23/03	28.1
10/22/03	28.16
10/21/03	28.4
10/20/03	28.4
10/17/03	28.89
10/16/03	29.74
10/15/03	29.66
10/14/03	29.78
10/13/03	29.75
10/10/03	29.88
10/9/03	28.6
10/8/03	27.99
10/7/03	28.11
10/6/03	28.19
10/3/03	27.85
10/2/03	27.6
10/1/03	27.08
9/30/03	26.82
9/29/03	26.38
9/26/03	26.11
9/25/03	26.37
9/24/03	25.59
9/23/03	25.14
9/22/03	24.82
9/19/03	24.82
9/18/03	24.9
9/17/03	25.16
9/16/03	25.59
9/15/03	25.79
9/12/03	25.94
9/11/03	26.48
9/10/03	26.52
9/9/03	26.44
9/8/03	26.41
9/5/03	26.35
9/4/03	26.69
9/3/03	26.86
9/2/03	27.52
9/1/03	28.62
8/29/03	28.9
8/28/03	28.8
8/27/03	28.77
8/26/03	29.04
8/25/03	29.01
8/22/03	29.17
8/21/03	28.73
8/20/03	28.02
8/19/03	27.94
8/18/03	28.32
8/15/03	28.42
8/14/03	28.02
8/13/03	28.61
8/12/03	28.97
8/11/03	29.02
8/8/03	29.22
8/7/03	29.07
8/6/03	28.88
8/5/03	28.8
8/4/03	28.66
8/1/03	28.21
7/31/03	27.52
7/30/03	27.31
7/29/03	27.18
7/28/03	27.02
7/25/03	27.38
7/24/03	27.23
7/23/03	27
7/22/03	27.17
7/21/03	27.98
7/18/03	28.23
7/17/03	27.93
7/16/03	27.87
7/15/03	27.98
7/14/03	28.02
7/11/03	28.14
7/10/03	27.98
7/9/03	27.43
7/8/03	26.83
7/7/03	27.04
7/4/03	27.19
7/3/03	27.6
7/2/03	27.31
7/1/03	27.19
6/30/03	27.11
6/27/03	26.55
6/26/03	26.62
6/25/03	26.58
6/24/03	26.26
6/23/03	26.54
6/20/03	26.34
6/19/03	25.6
6/18/03	25.88
6/17/03	26.37
6/16/03	26.44
6/13/03	26.7
6/12/03	27.48
6/11/03	27.86
6/10/03	27.51
6/9/03	27.53
6/6/03	27.3
6/5/03	26.77
6/4/03	26.72
6/3/03	27.09
6/2/03	27.1
5/30/03	26.71
5/29/03	26.27
5/28/03	26.49
5/27/03	26.48
5/26/03	26.87
5/23/03	26.85
5/22/03	26.53
5/21/03	26.64
5/20/03	26.1
5/19/03	26.53
5/16/03	26.24
5/15/03	26.21
5/14/03	26.13
5/13/03	25.41
5/12/03	25.32
5/9/03	25.14
5/8/03	24.44
5/7/03	23.89
5/6/03	23.92
5/5/03	23.99
5/2/03	23.84
5/1/03	23.85
4/30/03	23.72
4/29/03	23.27
4/28/03	23.64
4/25/03	24.4
4/24/03	23.97
4/23/03	25.14
4/22/03	26.24
4/21/03	26.64
4/17/03	26.25
4/16/03	25.71
4/15/03	25.56
4/14/03	25.35
4/11/03	24.96
4/10/03	25.4
4/9/03	25.59
4/8/03	25.33
4/7/03	24.91
4/4/03	25.38
4/3/03	26
4/2/03	25.76
4/1/03	26.8
3/31/03	27.22
3/28/03	27.23
3/27/03	26.66
3/26/03	25.54
3/25/03	26.84
3/24/03	25.7
3/21/03	24.81
3/20/03	26.51
3/19/03	27.12
3/18/03	27.69
3/17/03	29.8
3/14/03	30.98
3/13/03	32.42
3/12/03	32.74
3/11/03	32.54
3/10/03	33.11
3/7/03	32.79
3/6/03	32.5
3/5/03	32.29
3/4/03	32.12
3/3/03	31.63
2/28/03	32.63
2/27/03	32.48
2/26/03	32.49
2/25/03	32.73
2/24/03	32.44
2/21/03	31.84
2/20/03	31.48
2/19/03	31.95
2/18/03	31.85
2/17/03	31.9
2/14/03	32.33
2/13/03	31.91
2/12/03	31.3
2/11/03	31.35
2/10/03	31.38
2/7/03	31.25
2/6/03	30.77
2/5/03	30.52
2/4/03	29.98
2/3/03	30.29
1/31/03	30.71
1/30/03	30.58
1/29/03	30.3
1/28/03	29.83
1/27/03	30.16
1/24/03	30.56
1/23/03	30.18
1/22/03	30.89
1/21/03	30.9
1/20/03	31.21
1/17/03	31.02
1/16/03	30.87
1/15/03	30.66
1/14/03	30.21
1/13/03	29.82
1/10/03	29.82
1/9/03	29.51
1/8/03	28.86
1/7/03	29.72
1/6/03	30.71
1/3/03	30.83
1/2/03	30.05
